"chrom","start","end","pos"
"NW_022145598.1",720988,730412,725700
"NW_022145598.1",754197,766390,760293.5
"NW_022145598.1",782534,789686,786110
"NW_022145598.1",824122,832109,828115.5
"NW_022145598.1",1021373,1027202,1024287.5
"NW_022145598.1",1162771,1193586,1178178.5
"NW_022145598.1",1193590,1203942,1198766
"NW_022145598.1",1277858,1297999,1287928.5
"NW_022145598.1",1407513,1435499,1421506
"NW_022145598.1",1711629,1758069,1734849
"NW_022145598.1",2680218,2685744,2682981
"NW_022145598.1",2916068,2921047,2918557.5
"NW_022145598.1",3069332,3074165,3071748.5
"NW_022145598.1",3290464,3298432,3294448
"NW_022145598.1",3526349,3533587,3529968
"NW_022145598.1",3733275,3774108,3753691.5
"NW_022145598.1",4101497,4106697,4104097
"NW_022145598.1",4116561,4123188,4119874.5
"NW_022145598.1",4459359,4463832,4461595.5
"NW_022145598.1",4463837,4467327,4465582
"NW_022145598.1",4474736,4481905,4478320.5
"NW_022145598.1",4568427,4573738,4571082.5
"NW_022145598.1",4573739,4579660,4576699.5
"NW_022145598.1",4932882,4949542,4941212
"NW_022145598.1",4954605,4959690,4957147.5
"NW_022145598.1",4959692,4967172,4963432
"NW_022145598.1",4979816,4994139,4986977.5
"NW_022145598.1",5134291,5144257,5139274
"NW_022145598.1",5577741,5699968,5638854.5
"NW_022145598.1",5806549,5812607,5809578
"NW_022145598.1",5832665,5838855,5835760
"NW_022145598.1",6895450,6928016,6911733
"NW_022145598.1",7105491,7115455,7110473
"NW_022145598.1",7445063,7453863,7449463
"NW_022145598.1",8478060,8484923,8481491.5
"NW_022145598.1",9080569,9115194,9097881.5
"NW_022145598.1",10132341,10158871,10145606
"NW_022145598.1",10650172,10659816,10654994
"NW_022145598.1",10821708,10841848,10831778
"NW_022145598.1",11088649,11093243,11090946
"NW_022145598.1",11155689,11169443,11162566
"NW_022145598.1",11288743,11296278,11292510.5
"NW_022145598.1",11547531,11554774,11551152.5
"NW_022145598.1",11610963,11616952,11613957.5
"NW_022145598.1",11659257,11693487,11676372
"NW_022145598.1",11893366,11946230,11919798
"NW_022145598.1",12329633,12334350,12331991.5
"NW_022145598.1",12436299,12440799,12438549
"NW_022145598.1",12569429,12574181,12571805
"NW_022145598.1",12574182,12578631,12576406.5
"NW_022145598.1",12585181,12590890,12588035.5
"NW_022145598.1",12699717,12748901,12724309
"NW_022145598.1",13007189,13011561,13009375
"NW_022145598.1",13011563,13016576,13014069.5
"NW_022145598.1",13016580,13021248,13018914
"NW_022145598.1",13021251,13025346,13023298.5
"NW_022145598.1",13029669,13034868,13032268.5
"NW_022145598.1",13043704,13050062,13046883
"NW_022145598.1",13746345,13752125,13749235
"NW_022145598.1",14053444,14060724,14057084
"NW_022145598.1",14174199,14189756,14181977.5
"NW_022145598.1",14189757,14199286,14194521.5
"NW_022145598.1",14294583,14301605,14298094
"NW_022145598.1",14318535,14322505,14320520
"NW_022145598.1",14634925,14639773,14637349
"NW_022145598.1",14729895,14733021,14731458
"NW_022145598.1",14733023,14742799,14737911
"NW_022145598.1",15356050,15360085,15358067.5
"NW_022145598.1",15373450,15379351,15376400.5
"NW_022145598.1",15901648,15915502,15908575
"NW_022145598.1",16070550,16075597,16073073.5
"NW_022145598.1",16637156,16643597,16640376.5
"NW_022145598.1",17535306,17540181,17537743.5
"NW_022145598.1",17672870,17677289,17675079.5
"NW_022145598.1",17862142,17866192,17864167
"NW_022145598.1",19005180,19107732,19056456
"NW_022145598.1",19132767,19138192,19135479.5
"NW_022145598.1",19192945,19203527,19198236
"NW_022145598.1",20145951,20149561,20147756
"NW_022145598.1",20165222,20168607,20166914.5
"NW_022145598.1",20362020,20373129,20367574.5
"NW_022145598.1",20471937,20475433,20473685
"NW_022145598.1",20618399,20622107,20620253
"NW_022145598.1",20731852,20738086,20734969
"NW_022145598.1",20766072,20769794,20767933
"NW_022145598.1",20782812,20787401,20785106.5
"NW_022145598.1",20815684,20824221,20819952.5
"NW_022145598.1",20824222,20830865,20827543.5
"NW_022145598.1",20830868,20837492,20834180
"NW_022145598.1",20837493,20852339,20844916
"NW_022145598.1",20852341,20860988,20856664.5
"NW_022145598.1",21122377,21180539,21151458
"NW_022145598.1",21582336,21588072,21585204
"NW_022145598.1",21588076,21592061,21590068.5
"NW_022145598.1",21592064,21595096,21593580
"NW_022145598.1",21595100,21598338,21596719
"NW_022145598.1",21598340,21605083,21601711.5
"NW_022145598.1",21605084,21607805,21606444.5
"NW_022145598.1",21607806,21611484,21609645
"NW_022145598.1",21616040,21618952,21617496
"NW_022145598.1",21618953,21621967,21620460
"NW_022145598.1",21639013,21645380,21642196.5
"NW_022145598.1",22420565,22492105,22456335
"NW_022145598.1",22861464,22867142,22864303
"NW_022145598.1",22921793,22961874,22941833.5
"NW_022145598.1",23078029,23107864,23092946.5
"NW_022145598.1",24296247,24351387,24323817
"NW_022145598.1",24589417,24597368,24593392.5
"NW_022145598.1",24765451,24776504,24770977.5
"NW_022145598.1",24776505,24787395,24781950
"NW_022145598.1",24918715,24925112,24921913.5
"NW_022145598.1",24976975,24981836,24979405.5
"NW_022145598.1",25240956,25245255,25243105.5
"NW_022145598.1",25790836,25871272,25831054
"NW_022145598.1",26623964,26630467,26627215.5
"NW_022145598.1",26748391,26757946,26753168.5
"NW_022145598.1",27426437,27433244,27429840.5
"NW_022145598.1",27789595,27797765,27793680
"NW_022145598.1",29305708,29316334,29311021
"NW_022145598.1",29778656,29783767,29781211.5
"NW_022145598.1",29790084,29797003,29793543.5
"NW_022145598.1",29824160,29834271,29829215.5
"NW_022145598.1",29991598,29999645,29995621.5
"NW_022145598.1",30976897,30982432,30979664.5
"NW_022145598.1",30982433,30997981,30990207
"NW_022145598.1",31030230,31039079,31034654.5
"NW_022145598.1",31419171,31449031,31434101
"NW_022145598.1",31449033,31455096,31452064.5
"NW_022145598.1",31455097,31479117,31467107
"NW_022145598.1",31576609,31603693,31590151
"NW_022145598.1",32139803,32149490,32144646.5
"NW_022145598.1",32170472,32193293,32181882.5
"NW_022145598.1",32836477,32850675,32843576
"NW_022145598.1",34599478,34605045,34602261.5
"NW_022145598.1",34730171,34737929,34734050
"NW_022145598.1",34751775,34756805,34754290
"NW_022145598.1",34756807,34761416,34759111.5
"NW_022145598.1",34761418,34765592,34763505
"NW_022145598.1",34765593,34769259,34767426
"NW_022145598.1",34769263,34774544,34771903.5
"NW_022145598.1",34774546,34778571,34776558.5
"NW_022145598.1",34778573,34784620,34781596.5
"NW_022145598.1",35148715,35152915,35150815
"NW_022145598.1",36010327,36016936,36013631.5
"NW_022145598.1",36226339,36231073,36228706
"NW_022145598.1",36288141,36292265,36290203
"NW_022145598.1",36440514,36446030,36443272
"NW_022145598.1",36446031,36452686,36449358.5
"NW_022145598.1",36491357,36524208,36507782.5
"NW_022145598.1",36765092,36770438,36767765
"NW_022145598.1",36867161,36875746,36871453.5
"NW_022145598.1",36875747,36945090,36910418.5
