"chrom","start","end"
"NW_022145598.1",112,13575
"NW_022145598.1",13588,35354
"NW_022145598.1",35356,49947
"NW_022145598.1",49948,70745
"NW_022145598.1",70749,88017
"NW_022145598.1",88018,129595
"NW_022145598.1",129598,147028
"NW_022145598.1",147029,167765
"NW_022145598.1",167769,192689
"NW_022145598.1",192690,215521
"NW_022145598.1",215532,238775
"NW_022145598.1",238776,314132
"NW_022145598.1",314138,327224
"NW_022145598.1",327226,343469
"NW_022145598.1",343484,355339
"NW_022145598.1",355341,369959
"NW_022145598.1",369965,394575
"NW_022145598.1",394580,431274
"NW_022145598.1",431276,453552
"NW_022145598.1",453553,462269
"NW_022145598.1",462270,503563
"NW_022145598.1",503571,512643
"NW_022145598.1",512644,538391
"NW_022145598.1",538393,554715
"NW_022145598.1",554715,561709
"NW_022145598.1",561711,571193
"NW_022145598.1",571195,586236
"NW_022145598.1",586245,616646
"NW_022145598.1",616647,632961
"NW_022145598.1",632962,652432
"NW_022145598.1",652434,668141
"NW_022145598.1",668153,687639
"NW_022145598.1",687644,702134
"NW_022145598.1",702162,718338
"NW_022145598.1",718339,735156
"NW_022145598.1",735164,754195
"NW_022145598.1",754197,772198
"NW_022145598.1",772204,784946
"NW_022145598.1",784947,796877
"NW_022145598.1",796878,813683
"NW_022145598.1",813685,826651
"NW_022145598.1",826652,840009
"NW_022145598.1",840015,853687
"NW_022145598.1",853693,865468
"NW_022145598.1",865476,875979
"NW_022145598.1",875980,887747
"NW_022145598.1",887750,901280
"NW_022145598.1",901283,914619
"NW_022145598.1",914622,923604
"NW_022145598.1",923606,931149
"NW_022145598.1",931152,944177
"NW_022145598.1",944178,954874
"NW_022145598.1",954875,964531
"NW_022145598.1",964539,984175
"NW_022145598.1",984176,1002657
"NW_022145598.1",1002661,1023046
"NW_022145598.1",1023047,1039415
"NW_022145598.1",1039416,1058617
"NW_022145598.1",1058621,1084945
"NW_022145598.1",1084947,1193586
"NW_022145598.1",1193590,1209177
"NW_022145598.1",1209185,1224317
"NW_022145598.1",1224320,1248234
"NW_022145598.1",1248236,1263347
"NW_022145598.1",1263350,1282443
"NW_022145598.1",1282454,1369862
"NW_022145598.1",1369881,1420462
"NW_022145598.1",1420462,1476112
"NW_022145598.1",1476115,1510568
"NW_022145598.1",1510570,1556682
"NW_022145598.1",1556683,1673627
"NW_022145598.1",1673629,1758069
"NW_022145598.1",1758069,1795375
"NW_022145598.1",1795380,1838399
"NW_022145598.1",1838405,1862928
"NW_022145598.1",1862930,1870330
"NW_022145598.1",1870338,1881426
"NW_022145598.1",1881427,1893053
"NW_022145598.1",1893055,1903338
"NW_022145598.1",1903339,1913444
"NW_022145598.1",1913446,1925137
"NW_022145598.1",1925139,1947019
"NW_022145598.1",1947021,1981149
"NW_022145598.1",1981152,2000747
"NW_022145598.1",2000748,2014163
"NW_022145598.1",2014164,2025167
"NW_022145598.1",2025168,2034322
"NW_022145598.1",2034325,2044083
"NW_022145598.1",2044084,2054231
"NW_022145598.1",2054233,2064022
"NW_022145598.1",2064029,2078793
"NW_022145598.1",2078796,2090792
"NW_022145598.1",2090792,2101915
"NW_022145598.1",2101917,2120963
"NW_022145598.1",2120967,2141569
"NW_022145598.1",2141578,2150831
"NW_022145598.1",2150834,2159780
"NW_022145598.1",2159782,2168717
"NW_022145598.1",2168721,2180112
"NW_022145598.1",2180114,2188376
"NW_022145598.1",2188384,2195909
"NW_022145598.1",2195909,2203665
"NW_022145598.1",2203668,2213805
"NW_022145598.1",2213811,2221537
"NW_022145598.1",2221539,2231018
"NW_022145598.1",2231020,2251431
"NW_022145598.1",2251432,2268724
"NW_022145598.1",2268730,2281490
"NW_022145598.1",2281495,2293970
"NW_022145598.1",2293973,2305504
"NW_022145598.1",2305505,2315687
"NW_022145598.1",2315688,2323836
"NW_022145598.1",2323839,2329923
"NW_022145598.1",2329923,2343827
"NW_022145598.1",2343828,2351218
"NW_022145598.1",2351219,2359466
"NW_022145598.1",2359471,2372010
"NW_022145598.1",2372012,2383672
"NW_022145598.1",2383673,2401025
"NW_022145598.1",2401034,2431387
"NW_022145598.1",2431390,2443876
"NW_022145598.1",2443879,2455721
"NW_022145598.1",2455725,2465682
"NW_022145598.1",2465685,2475581
"NW_022145598.1",2475583,2488782
"NW_022145598.1",2488783,2500088
"NW_022145598.1",2500090,2509310
"NW_022145598.1",2509319,2519940
"NW_022145598.1",2519941,2531714
"NW_022145598.1",2531718,2541433
"NW_022145598.1",2541436,2568092
"NW_022145598.1",2568096,2578076
"NW_022145598.1",2578079,2599804
"NW_022145598.1",2599805,2613017
"NW_022145598.1",2613018,2621364
"NW_022145598.1",2621365,2629852
"NW_022145598.1",2629857,2661993
"NW_022145598.1",2661994,2671496
"NW_022145598.1",2671497,2678330
"NW_022145598.1",2678331,2690170
"NW_022145598.1",2690173,2709959
"NW_022145598.1",2709980,2718827
"NW_022145598.1",2718828,2724909
"NW_022145598.1",2724912,2737971
"NW_022145598.1",2737973,2745272
"NW_022145598.1",2745273,2751824
"NW_022145598.1",2751825,2759986
"NW_022145598.1",2759992,2767243
"NW_022145598.1",2767247,2776255
"NW_022145598.1",2776256,2785508
"NW_022145598.1",2785509,2793460
"NW_022145598.1",2793461,2801329
"NW_022145598.1",2801330,2810763
"NW_022145598.1",2810764,2818954
"NW_022145598.1",2818956,2827392
"NW_022145598.1",2827393,2835724
"NW_022145598.1",2835725,2842734
"NW_022145598.1",2842735,2849622
"NW_022145598.1",2849624,2857729
"NW_022145598.1",2857730,2865146
"NW_022145598.1",2865156,2874364
"NW_022145598.1",2874365,2882055
"NW_022145598.1",2882056,2889625
"NW_022145598.1",2889626,2897312
"NW_022145598.1",2897313,2905375
"NW_022145598.1",2905379,2914412
"NW_022145598.1",2914414,2924049
"NW_022145598.1",2924051,2930227
"NW_022145598.1",2930228,2938345
"NW_022145598.1",2938346,2944324
"NW_022145598.1",2944331,2953959
"NW_022145598.1",2953961,2961733
"NW_022145598.1",2961736,2972622
"NW_022145598.1",2972626,2982120
"NW_022145598.1",2982121,2991910
"NW_022145598.1",2991911,2996682
"NW_022145598.1",2996684,3004656
"NW_022145598.1",3004657,3011787
"NW_022145598.1",3011790,3020959
"NW_022145598.1",3020961,3031933
"NW_022145598.1",3031934,3039073
"NW_022145598.1",3039074,3046436
"NW_022145598.1",3046440,3055507
"NW_022145598.1",3055508,3063369
"NW_022145598.1",3063372,3071267
"NW_022145598.1",3071270,3077930
"NW_022145598.1",3077931,3086256
"NW_022145598.1",3086258,3101111
"NW_022145598.1",3101112,3108655
"NW_022145598.1",3108657,3117103
"NW_022145598.1",3117105,3126467
"NW_022145598.1",3126470,3135618
"NW_022145598.1",3135624,3168858
"NW_022145598.1",3168904,3279375
"NW_022145598.1",3279386,3298432
"NW_022145598.1",3298433,3315288
"NW_022145598.1",3315300,3352241
"NW_022145598.1",3352242,3361482
"NW_022145598.1",3361483,3374240
"NW_022145598.1",3374245,3385375
"NW_022145598.1",3385377,3393578
"NW_022145598.1",3393579,3402276
"NW_022145598.1",3402362,3415157
"NW_022145598.1",3415160,3437880
"NW_022145598.1",3437881,3444621
"NW_022145598.1",3444622,3451380
"NW_022145598.1",3451381,3459269
"NW_022145598.1",3459270,3470493
"NW_022145598.1",3470495,3483633
"NW_022145598.1",3483635,3492258
"NW_022145598.1",3492260,3502972
"NW_022145598.1",3502977,3512173
"NW_022145598.1",3512175,3521041
"NW_022145598.1",3521042,3528786
"NW_022145598.1",3528790,3539507
"NW_022145598.1",3539510,3546660
"NW_022145598.1",3546662,3554403
"NW_022145598.1",3554404,3560210
"NW_022145598.1",3560215,3568725
"NW_022145598.1",3568728,3577416
"NW_022145598.1",3577424,3585894
"NW_022145598.1",3585900,3594928
"NW_022145598.1",3594932,3604406
"NW_022145598.1",3604407,3617366
"NW_022145598.1",3617367,3624211
"NW_022145598.1",3624211,3632963
"NW_022145598.1",3632964,3650047
"NW_022145598.1",3650052,3668533
"NW_022145598.1",3668577,3681678
"NW_022145598.1",3681682,3700955
"NW_022145598.1",3700959,3721936
"NW_022145598.1",3721941,3768398
"NW_022145598.1",3768399,3791244
"NW_022145598.1",3791246,3802820
"NW_022145598.1",3802830,3812975
"NW_022145598.1",3812977,3824214
"NW_022145598.1",3824215,3840423
"NW_022145598.1",3840425,3855749
"NW_022145598.1",3855758,3908172
"NW_022145598.1",3908178,3929151
"NW_022145598.1",3929157,3947622
"NW_022145598.1",3947626,3957843
"NW_022145598.1",3957844,3972555
"NW_022145598.1",3972556,3985649
"NW_022145598.1",3985652,3999148
"NW_022145598.1",3999149,4017911
"NW_022145598.1",4017920,4031484
"NW_022145598.1",4031492,4041036
"NW_022145598.1",4041037,4049871
"NW_022145598.1",4049872,4063284
"NW_022145598.1",4063285,4075876
"NW_022145598.1",4075879,4090330
"NW_022145598.1",4090331,4099661
"NW_022145598.1",4099662,4108396
"NW_022145598.1",4108397,4116552
"NW_022145598.1",4116561,4126623
"NW_022145598.1",4126628,4134335
"NW_022145598.1",4134337,4143618
"NW_022145598.1",4143621,4161817
"NW_022145598.1",4161818,4173772
"NW_022145598.1",4173776,4182385
"NW_022145598.1",4182387,4196982
"NW_022145598.1",4196986,4217990
"NW_022145598.1",4217995,4258142
"NW_022145598.1",4258150,4274304
"NW_022145598.1",4274305,4284984
"NW_022145598.1",4284985,4296741
"NW_022145598.1",4296741,4310163
"NW_022145598.1",4310165,4318238
"NW_022145598.1",4318245,4327225
"NW_022145598.1",4327228,4335433
"NW_022145598.1",4335437,4342827
"NW_022145598.1",4342829,4350978
"NW_022145598.1",4350980,4360559
"NW_022145598.1",4360560,4368415
"NW_022145598.1",4368416,4376403
"NW_022145598.1",4376403,4384663
"NW_022145598.1",4384667,4396321
"NW_022145598.1",4396326,4404775
"NW_022145598.1",4404777,4413129
"NW_022145598.1",4413130,4420399
"NW_022145598.1",4420401,4426674
"NW_022145598.1",4426678,4434019
"NW_022145598.1",4434020,4443764
"NW_022145598.1",4443766,4451120
"NW_022145598.1",4451125,4458099
"NW_022145598.1",4458101,4464875
"NW_022145598.1",4464876,4470956
"NW_022145598.1",4470957,4479477
"NW_022145598.1",4479478,4488467
"NW_022145598.1",4488469,4499685
"NW_022145598.1",4499690,4511587
"NW_022145598.1",4511591,4519356
"NW_022145598.1",4519359,4526648
"NW_022145598.1",4526650,4533368
"NW_022145598.1",4533369,4544286
"NW_022145598.1",4544286,4554403
"NW_022145598.1",4554411,4561472
"NW_022145598.1",4561473,4570058
"NW_022145598.1",4570060,4579660
"NW_022145598.1",4579663,4587045
"NW_022145598.1",4587050,4594468
"NW_022145598.1",4594470,4602544
"NW_022145598.1",4602550,4615157
"NW_022145598.1",4615181,4630798
"NW_022145598.1",4630804,4643691
"NW_022145598.1",4643692,4661018
"NW_022145598.1",4661027,4680224
"NW_022145598.1",4680225,4713659
"NW_022145598.1",4713660,4725736
"NW_022145598.1",4725737,4817843
"NW_022145598.1",4817845,4829504
"NW_022145598.1",4829507,4841960
"NW_022145598.1",4841961,4854230
"NW_022145598.1",4854232,4868356
"NW_022145598.1",4868358,4895011
"NW_022145598.1",4895014,4944343
"NW_022145598.1",4944344,4954597
"NW_022145598.1",4954605,4965235
"NW_022145598.1",4965237,4981692
"NW_022145598.1",4981695,5003904
"NW_022145598.1",5003905,5024739
"NW_022145598.1",5024742,5041580
"NW_022145598.1",5041581,5058851
"NW_022145598.1",5058852,5069640
"NW_022145598.1",5069653,5081119
"NW_022145598.1",5081122,5105637
"NW_022145598.1",5105644,5126679
"NW_022145598.1",5126688,5147515
"NW_022145598.1",5147518,5166134
"NW_022145598.1",5166143,5184287
"NW_022145598.1",5184293,5199926
"NW_022145598.1",5199930,5211919
"NW_022145598.1",5211922,5228581
"NW_022145598.1",5228583,5248313
"NW_022145598.1",5248314,5271559
"NW_022145598.1",5271570,5299791
"NW_022145598.1",5299800,5316392
"NW_022145598.1",5316393,5341882
"NW_022145598.1",5341888,5366363
"NW_022145598.1",5366366,5420918
"NW_022145598.1",5420919,5471476
"NW_022145598.1",5471478,5693278
"NW_022145598.1",5693284,5745571
"NW_022145598.1",5745590,5761205
"NW_022145598.1",5761219,5773360
"NW_022145598.1",5773361,5788205
"NW_022145598.1",5788216,5800191
"NW_022145598.1",5800192,5810735
"NW_022145598.1",5810736,5819787
"NW_022145598.1",5819793,5832663
"NW_022145598.1",5832665,5842764
"NW_022145598.1",5842767,5852690
"NW_022145598.1",5852695,5863631
"NW_022145598.1",5863632,5872948
"NW_022145598.1",5872950,5883569
"NW_022145598.1",5883571,5893604
"NW_022145598.1",5893606,5902938
"NW_022145598.1",5902940,5951529
"NW_022145598.1",5951530,5962517
"NW_022145598.1",5962518,5976687
"NW_022145598.1",5976688,5987547
"NW_022145598.1",5987550,5996404
"NW_022145598.1",5996405,6015110
"NW_022145598.1",6015112,6023595
"NW_022145598.1",6023596,6031838
"NW_022145598.1",6031839,6043487
"NW_022145598.1",6043488,6061161
"NW_022145598.1",6061163,6084724
"NW_022145598.1",6084726,6097124
"NW_022145598.1",6097125,6111487
"NW_022145598.1",6111489,6128831
"NW_022145598.1",6128833,6156992
"NW_022145598.1",6156994,6165782
"NW_022145598.1",6165782,6174931
"NW_022145598.1",6174938,6183923
"NW_022145598.1",6183924,6190845
"NW_022145598.1",6190847,6199508
"NW_022145598.1",6199518,6205453
"NW_022145598.1",6205454,6211747
"NW_022145598.1",6211748,6216367
"NW_022145598.1",6216369,6222936
"NW_022145598.1",6222937,6229339
"NW_022145598.1",6229340,6235658
"NW_022145598.1",6235659,6240990
"NW_022145598.1",6240990,6247197
"NW_022145598.1",6247200,6255248
"NW_022145598.1",6255259,6264738
"NW_022145598.1",6264739,6270776
"NW_022145598.1",6270778,6278785
"NW_022145598.1",6278786,6285646
"NW_022145598.1",6285650,6292186
"NW_022145598.1",6292187,6300305
"NW_022145598.1",6300309,6308581
"NW_022145598.1",6308582,6317316
"NW_022145598.1",6317317,6335113
"NW_022145598.1",6335114,6350337
"NW_022145598.1",6350340,6382100
"NW_022145598.1",6382115,6564650
"NW_022145598.1",6564664,6583700
"NW_022145598.1",6583702,6609391
"NW_022145598.1",6609408,6665997
"NW_022145598.1",6666004,6718567
"NW_022145598.1",6718569,6827068
"NW_022145598.1",6827085,6895449
"NW_022145598.1",6895450,6958512
"NW_022145598.1",6958521,7015400
"NW_022145598.1",7015407,7075308
"NW_022145598.1",7075319,7099289
"NW_022145598.1",7099292,7109186
"NW_022145598.1",7109187,7120234
"NW_022145598.1",7120235,7126488
"NW_022145598.1",7126490,7136197
"NW_022145598.1",7136198,7144519
"NW_022145598.1",7144520,7155607
"NW_022145598.1",7155608,7162274
"NW_022145598.1",7162281,7170847
"NW_022145598.1",7170850,7177810
"NW_022145598.1",7177815,7184431
"NW_022145598.1",7184433,7196595
"NW_022145598.1",7196596,7210218
"NW_022145598.1",7210219,7215530
"NW_022145598.1",7215532,7224367
"NW_022145598.1",7224368,7230310
"NW_022145598.1",7230311,7240940
"NW_022145598.1",7240942,7247819
"NW_022145598.1",7247822,7255924
"NW_022145598.1",7255926,7262516
"NW_022145598.1",7262517,7269095
"NW_022145598.1",7269097,7276989
"NW_022145598.1",7276991,7284037
"NW_022145598.1",7284040,7293682
"NW_022145598.1",7293683,7302702
"NW_022145598.1",7302703,7313019
"NW_022145598.1",7313020,7321734
"NW_022145598.1",7321739,7328908
"NW_022145598.1",7328909,7335956
"NW_022145598.1",7335956,7342373
"NW_022145598.1",7342376,7346913
"NW_022145598.1",7346918,7354670
"NW_022145598.1",7354674,7362129
"NW_022145598.1",7362131,7368742
"NW_022145598.1",7368744,7375223
"NW_022145598.1",7375224,7380747
"NW_022145598.1",7380748,7387560
"NW_022145598.1",7387562,7394367
"NW_022145598.1",7394370,7401061
"NW_022145598.1",7401062,7416875
"NW_022145598.1",7416876,7423227
"NW_022145598.1",7423228,7430252
"NW_022145598.1",7431450,7442852
"NW_022145598.1",7442855,7456403
"NW_022145598.1",7456404,7465081
"NW_022145598.1",7465082,7472051
"NW_022145598.1",7473044,7487696
"NW_022145598.1",7487701,7495518
"NW_022145598.1",7495520,7504419
"NW_022145598.1",7504421,7511589
"NW_022145598.1",7511590,7530414
"NW_022145598.1",7530415,7548449
"NW_022145598.1",7548451,7554082
"NW_022145598.1",7554084,7563467
"NW_022145598.1",7563469,7571914
"NW_022145598.1",7571915,7581441
"NW_022145598.1",7581449,7600654
"NW_022145598.1",7600656,7607818
"NW_022145598.1",7607819,7618649
"NW_022145598.1",7618652,7626302
"NW_022145598.1",7626304,7638349
"NW_022145598.1",7639006,7655592
"NW_022145598.1",7655593,7669159
"NW_022145598.1",7669169,7674767
"NW_022145598.1",7674768,7683807
"NW_022145598.1",7683808,7696657
"NW_022145598.1",7696663,7703389
"NW_022145598.1",7703393,7711240
"NW_022145598.1",7711241,7722497
"NW_022145598.1",7722499,7776995
"NW_022145598.1",7776997,7799308
"NW_022145598.1",7799309,7813462
"NW_022145598.1",7813466,7825075
"NW_022145598.1",7825076,7838873
"NW_022145598.1",7838878,7853776
"NW_022145598.1",7853779,7867531
"NW_022145598.1",7867534,7878190
"NW_022145598.1",7878191,7885701
"NW_022145598.1",7885702,7893273
"NW_022145598.1",7893274,7901107
"NW_022145598.1",7901108,7913429
"NW_022145598.1",7913432,7920054
"NW_022145598.1",7920055,7931183
"NW_022145598.1",7931184,7939706
"NW_022145598.1",7939707,7950732
"NW_022145598.1",7950738,7959522
"NW_022145598.1",7959523,7969561
"NW_022145598.1",7969562,7985583
"NW_022145598.1",7985585,7995101
"NW_022145598.1",7995102,8003328
"NW_022145598.1",8003330,8012883
"NW_022145598.1",8012884,8021126
"NW_022145598.1",8021129,8031165
"NW_022145598.1",8031166,8037199
"NW_022145598.1",8037200,8073210
"NW_022145598.1",8073215,8086345
"NW_022145598.1",8086346,8096038
"NW_022145598.1",8096040,8104952
"NW_022145598.1",8104956,8125741
"NW_022145598.1",8125747,8179086
"NW_022145598.1",8179091,8188039
"NW_022145598.1",8188042,8196105
"NW_022145598.1",8196108,8203654
"NW_022145598.1",8203656,8214490
"NW_022145598.1",8214491,8221033
"NW_022145598.1",8221037,8226717
"NW_022145598.1",8226718,8243928
"NW_022145598.1",8243933,8260526
"NW_022145598.1",8260546,8272402
"NW_022145598.1",8272412,8278318
"NW_022145598.1",8278319,8291229
"NW_022145598.1",8291362,8306575
"NW_022145598.1",8306576,8312976
"NW_022145598.1",8312978,8322451
"NW_022145598.1",8322455,8336843
"NW_022145598.1",8336848,8359241
"NW_022145598.1",8359243,8368835
"NW_022145598.1",8368845,8374694
"NW_022145598.1",8374695,8382012
"NW_022145598.1",8382013,8390999
"NW_022145598.1",8391000,8400224
"NW_022145598.1",8400226,8417279
"NW_022145598.1",8417284,8431077
"NW_022145598.1",8431077,8441057
"NW_022145598.1",8441061,8454817
"NW_022145598.1",8454819,8465361
"NW_022145598.1",8465362,8476359
"NW_022145598.1",8476361,8487405
"NW_022145598.1",8487406,8545191
"NW_022145598.1",8545195,8571987
"NW_022145598.1",8571988,8603243
"NW_022145598.1",8603245,8659225
"NW_022145598.1",8659227,8673694
"NW_022145598.1",8673696,8699491
"NW_022145598.1",8699501,8828329
"NW_022145598.1",8828335,8859174
"NW_022145598.1",8859196,8958198
"NW_022145598.1",8958222,9030739
"NW_022145598.1",9030740,9065470
"NW_022145598.1",9065633,9119333
"NW_022145598.1",9119334,9176082
"NW_022145598.1",9176088,9214325
"NW_022145598.1",9214326,9266291
"NW_022145598.1",9266292,9286943
"NW_022145598.1",9286944,9331366
"NW_022145598.1",9331380,9387605
"NW_022145598.1",9387631,9494303
"NW_022145598.1",9494304,9551426
"NW_022145598.1",9551428,9607951
"NW_022145598.1",9607952,9664062
"NW_022145598.1",9664067,9702569
"NW_022145598.1",9702570,9734634
"NW_022145598.1",9734658,9805751
"NW_022145598.1",9805752,9924325
"NW_022145598.1",9924330,9962043
"NW_022145598.1",9962052,9991937
"NW_022145598.1",9991941,10018058
"NW_022145598.1",10018059,10078445
"NW_022145598.1",10078446,10104429
"NW_022145598.1",10104437,10150610
"NW_022145598.1",10150614,10205065
"NW_022145598.1",10205065,10275784
"NW_022145598.1",10275787,10351126
"NW_022145598.1",10351127,10392537
"NW_022145598.1",10392538,10457587
"NW_022145598.1",10457600,10508981
"NW_022145598.1",10508988,10591228
"NW_022145598.1",10591304,10650169
"NW_022145598.1",10650172,10663957
"NW_022145598.1",10663958,10672094
"NW_022145598.1",10672095,10753495
"NW_022145598.1",10753496,10775102
"NW_022145598.1",10775104,10788237
"NW_022145598.1",10788239,10807145
"NW_022145598.1",10807147,10816096
"NW_022145598.1",10816099,10826472
"NW_022145598.1",10826474,10848980
"NW_022145598.1",10848981,10856138
"NW_022145598.1",10856139,10863918
"NW_022145598.1",10863921,10871555
"NW_022145598.1",10871556,10879429
"NW_022145598.1",10879430,10918439
"NW_022145598.1",10918448,10927093
"NW_022145598.1",10927093,10934069
"NW_022145598.1",10934070,10941107
"NW_022145598.1",10941108,10947505
"NW_022145598.1",10947506,10954139
"NW_022145598.1",10954153,10960187
"NW_022145598.1",10960190,10966223
"NW_022145598.1",10966224,10973450
"NW_022145598.1",10973455,10980053
"NW_022145598.1",10980054,10986040
"NW_022145598.1",10986042,10991194
"NW_022145598.1",10991195,10999492
"NW_022145598.1",10999496,11006314
"NW_022145598.1",11006315,11013610
"NW_022145598.1",11013611,11018190
"NW_022145598.1",11018191,11023556
"NW_022145598.1",11023558,11028270
"NW_022145598.1",11028271,11035539
"NW_022145598.1",11035540,11043009
"NW_022145598.1",11043010,11051291
"NW_022145598.1",11051292,11057881
"NW_022145598.1",11057882,11064444
"NW_022145598.1",11064445,11070037
"NW_022145598.1",11070038,11078668
"NW_022145598.1",11078669,11084812
"NW_022145598.1",11084815,11092201
"NW_022145598.1",11092202,11097992
"NW_022145598.1",11097994,11103115
"NW_022145598.1",11103119,11109580
"NW_022145598.1",11109581,11116093
"NW_022145598.1",11116094,11122402
"NW_022145598.1",11122405,11130548
"NW_022145598.1",11130551,11138360
"NW_022145598.1",11138361,11146633
"NW_022145598.1",11146635,11161604
"NW_022145598.1",11161605,11175367
"NW_022145598.1",11175367,11182527
"NW_022145598.1",11182528,11194828
"NW_022145598.1",11194831,11201446
"NW_022145598.1",11201447,11208898
"NW_022145598.1",11208900,11233875
"NW_022145598.1",11233877,11258415
"NW_022145598.1",11258417,11271705
"NW_022145598.1",11271706,11279346
"NW_022145598.1",11279347,11286090
"NW_022145598.1",11286092,11296278
"NW_022145598.1",11296279,11304822
"NW_022145598.1",11304823,11313476
"NW_022145598.1",11313482,11327655
"NW_022145598.1",11327659,11343960
"NW_022145598.1",11343962,11354258
"NW_022145598.1",11354261,11364992
"NW_022145598.1",11365000,11396152
"NW_022145598.1",11396153,11426113
"NW_022145598.1",11426115,11445458
"NW_022145598.1",11445463,11458641
"NW_022145598.1",11458643,11468381
"NW_022145598.1",11468382,11475203
"NW_022145598.1",11475209,11483372
"NW_022145598.1",11483373,11492208
"NW_022145598.1",11492209,11499561
"NW_022145598.1",11499563,11506755
"NW_022145598.1",11506756,11520108
"NW_022145598.1",11520108,11525576
"NW_022145598.1",11525577,11532554
"NW_022145598.1",11532557,11548687
"NW_022145598.1",11548688,11563448
"NW_022145598.1",11563450,11572969
"NW_022145598.1",11572973,11584056
"NW_022145598.1",11584060,11606835
"NW_022145598.1",11606836,11615641
"NW_022145598.1",11615644,11632322
"NW_022145598.1",11632325,11640149
"NW_022145598.1",11640150,11647989
"NW_022145598.1",11647990,11672291
"NW_022145598.1",11672301,11722003
"NW_022145598.1",11722007,11767154
"NW_022145598.1",11767156,11779702
"NW_022145598.1",11779709,11793559
"NW_022145598.1",11793563,11806293
"NW_022145598.1",11806299,11815015
"NW_022145598.1",11815018,11849245
"NW_022145598.1",11849246,11944626
"NW_022145598.1",11944637,11956198
"NW_022145598.1",11956201,11966530
"NW_022145598.1",11966530,11978587
"NW_022145598.1",11978590,11994805
"NW_022145598.1",11994813,12018025
"NW_022145598.1",12018029,12031421
"NW_022145598.1",12031423,12055702
"NW_022145598.1",12055704,12079116
"NW_022145598.1",12079117,12093802
"NW_022145598.1",12093812,12113151
"NW_022145598.1",12113152,12125156
"NW_022145598.1",12125158,12146936
"NW_022145598.1",12146939,12163961
"NW_022145598.1",12163963,12210104
"NW_022145598.1",12210108,12232866
"NW_022145598.1",12232869,12255543
"NW_022145598.1",12255546,12279548
"NW_022145598.1",12279550,12294017
"NW_022145598.1",12294018,12302719
"NW_022145598.1",12302722,12314804
"NW_022145598.1",12314805,12321734
"NW_022145598.1",12321735,12326767
"NW_022145598.1",12326769,12334350
"NW_022145598.1",12334353,12341083
"NW_022145598.1",12341084,12348146
"NW_022145598.1",12348148,12353126
"NW_022145598.1",12353126,12361671
"NW_022145598.1",12361672,12372789
"NW_022145598.1",12372790,12379552
"NW_022145598.1",12379557,12387564
"NW_022145598.1",12387565,12396618
"NW_022145598.1",12396626,12403524
"NW_022145598.1",12403525,12409834
"NW_022145598.1",12409834,12416104
"NW_022145598.1",12416107,12422532
"NW_022145598.1",12422534,12429741
"NW_022145598.1",12429742,12437857
"NW_022145598.1",12437860,12445571
"NW_022145598.1",12445572,12453906
"NW_022145598.1",12453907,12460758
"NW_022145598.1",12460759,12467839
"NW_022145598.1",12467841,12474842
"NW_022145598.1",12474846,12481797
"NW_022145598.1",12481798,12487019
"NW_022145598.1",12487020,12491792
"NW_022145598.1",12491794,12497546
"NW_022145598.1",12497547,12506216
"NW_022145598.1",12506217,12514305
"NW_022145598.1",12514307,12522982
"NW_022145598.1",12522983,12532320
"NW_022145598.1",12532320,12540696
"NW_022145598.1",12540700,12549308
"NW_022145598.1",12549315,12558721
"NW_022145598.1",12558722,12568436
"NW_022145598.1",12568437,12575659
"NW_022145598.1",12575661,12585180
"NW_022145598.1",12585181,12593775
"NW_022145598.1",12593776,12602390
"NW_022145598.1",12602392,12615574
"NW_022145598.1",12615575,12632646
"NW_022145598.1",12632648,12647971
"NW_022145598.1",12647971,12656182
"NW_022145598.1",12656183,12666941
"NW_022145598.1",12666945,12682494
"NW_022145598.1",12682502,12699714
"NW_022145598.1",12699717,12769059
"NW_022145598.1",12769270,12823409
"NW_022145598.1",12823426,12844069
"NW_022145598.1",12844070,12854408
"NW_022145598.1",12854414,12884084
"NW_022145598.1",12884087,12893253
"NW_022145598.1",12893263,12903598
"NW_022145598.1",12903600,12911156
"NW_022145598.1",12911157,12923640
"NW_022145598.1",12923642,12930263
"NW_022145598.1",12930268,12938130
"NW_022145598.1",12938131,12946079
"NW_022145598.1",12946083,12954279
"NW_022145598.1",12954286,12964293
"NW_022145598.1",12964295,12973350
"NW_022145598.1",12973351,12981691
"NW_022145598.1",12981691,12994573
"NW_022145598.1",12994575,13007188
"NW_022145598.1",13007189,13015217
"NW_022145598.1",13015218,13022683
"NW_022145598.1",13022684,13029667
"NW_022145598.1",13029669,13037721
"NW_022145598.1",13037724,13046422
"NW_022145598.1",13046423,13058345
"NW_022145598.1",13058351,13074997
"NW_022145598.1",13074998,13244272
"NW_022145598.1",13244276,13340897
"NW_022145598.1",13340900,13415394
"NW_022145598.1",13415398,13516826
"NW_022145598.1",13516827,13525666
"NW_022145598.1",13525670,13533912
"NW_022145598.1",13533913,13541801
"NW_022145598.1",13541803,13549682
"NW_022145598.1",13549682,13558757
"NW_022145598.1",13558760,13568347
"NW_022145598.1",13568348,13578893
"NW_022145598.1",13578895,13588954
"NW_022145598.1",13588954,13601316
"NW_022145598.1",13601319,13624206
"NW_022145598.1",13624213,13633408
"NW_022145598.1",13633410,13642130
"NW_022145598.1",13642131,13650521
"NW_022145598.1",13650522,13657197
"NW_022145598.1",13657199,13664832
"NW_022145598.1",13664837,13688882
"NW_022145598.1",13688883,13696532
"NW_022145598.1",13696539,13705732
"NW_022145598.1",13705734,13713367
"NW_022145598.1",13713370,13722339
"NW_022145598.1",13722341,13731540
"NW_022145598.1",13731541,13739184
"NW_022145598.1",13739187,13751266
"NW_022145598.1",13751267,13758491
"NW_022145598.1",13758493,13766664
"NW_022145598.1",13766664,13786017
"NW_022145598.1",13786018,13793353
"NW_022145598.1",13793354,13830642
"NW_022145598.1",13830651,13899219
"NW_022145598.1",13899220,13908741
"NW_022145598.1",13908747,13917569
"NW_022145598.1",13917570,13940910
"NW_022145598.1",13940913,13963178
"NW_022145598.1",13963179,14022945
"NW_022145598.1",14022947,14050494
"NW_022145598.1",14050495,14062640
"NW_022145598.1",14062640,14077102
"NW_022145598.1",14077104,14091626
"NW_022145598.1",14091631,14102854
"NW_022145598.1",14102855,14114443
"NW_022145598.1",14114446,14128415
"NW_022145598.1",14128418,14141412
"NW_022145598.1",14141417,14162662
"NW_022145598.1",14162664,14186131
"NW_022145598.1",14186156,14207949
"NW_022145598.1",14207951,14217925
"NW_022145598.1",14217927,14228058
"NW_022145598.1",14228062,14245757
"NW_022145598.1",14245759,14279338
"NW_022145598.1",14279339,14293141
"NW_022145598.1",14293142,14303375
"NW_022145598.1",14303379,14318534
"NW_022145598.1",14318535,14325203
"NW_022145598.1",14325204,14333236
"NW_022145598.1",14333237,14340020
"NW_022145598.1",14340021,14352639
"NW_022145598.1",14352641,14362699
"NW_022145598.1",14362702,14385842
"NW_022145598.1",14385844,14407569
"NW_022145598.1",14407570,14429886
"NW_022145598.1",14429889,14450678
"NW_022145598.1",14450680,14479072
"NW_022145598.1",14479084,14494386
"NW_022145598.1",14494407,14505413
"NW_022145598.1",14505416,14524129
"NW_022145598.1",14524138,14545325
"NW_022145598.1",14545326,14557599
"NW_022145598.1",14557604,14571899
"NW_022145598.1",14571900,14591029
"NW_022145598.1",14591031,14603128
"NW_022145598.1",14603129,14614527
"NW_022145598.1",14614528,14623365
"NW_022145598.1",14623366,14634923
"NW_022145598.1",14634925,14642361
"NW_022145598.1",14642365,14652146
"NW_022145598.1",14652150,14661948
"NW_022145598.1",14661949,14675819
"NW_022145598.1",14675823,14683595
"NW_022145598.1",14683596,14692147
"NW_022145598.1",14692158,14702115
"NW_022145598.1",14702119,14711419
"NW_022145598.1",14711428,14719880
"NW_022145598.1",14719882,14727157
"NW_022145598.1",14727159,14738268
"NW_022145598.1",14738271,14747030
"NW_022145598.1",14747032,14753546
"NW_022145598.1",14753548,14762161
"NW_022145598.1",14762162,14771426
"NW_022145598.1",14771427,14779588
"NW_022145598.1",14779588,14788644
"NW_022145598.1",14788645,14798176
"NW_022145598.1",14798180,14811900
"NW_022145598.1",14811902,14821570
"NW_022145598.1",14821572,14829361
"NW_022145598.1",14829363,14836968
"NW_022145598.1",14836969,14846743
"NW_022145598.1",14846751,14855319
"NW_022145598.1",14855322,14863467
"NW_022145598.1",14863469,14875430
"NW_022145598.1",14875434,14882771
"NW_022145598.1",14882772,14891207
"NW_022145598.1",14891211,14898620
"NW_022145598.1",14898622,14908193
"NW_022145598.1",14908198,14927361
"NW_022145598.1",14927365,14970212
"NW_022145598.1",14970214,15056336
"NW_022145598.1",15056338,15161439
"NW_022145598.1",15161440,15230238
"NW_022145598.1",15230253,15282064
"NW_022145598.1",15282066,15298039
"NW_022145598.1",15298040,15305430
"NW_022145598.1",15305433,15318083
"NW_022145598.1",15318085,15327071
"NW_022145598.1",15327074,15335755
"NW_022145598.1",15335756,15343963
"NW_022145598.1",15343967,15353362
"NW_022145598.1",15353365,15361306
"NW_022145598.1",15361307,15370126
"NW_022145598.1",15370127,15376127
"NW_022145598.1",15376129,15386490
"NW_022145598.1",15386492,15395449
"NW_022145598.1",15395452,15408260
"NW_022145598.1",15408263,15418771
"NW_022145598.1",15418777,15426655
"NW_022145598.1",15426656,15436224
"NW_022145598.1",15436225,15447344
"NW_022145598.1",15447345,15456154
"NW_022145598.1",15456166,15466807
"NW_022145598.1",15466809,15477308
"NW_022145598.1",15477327,15486305
"NW_022145598.1",15486308,15494875
"NW_022145598.1",15494877,15506267
"NW_022145598.1",15506268,15516445
"NW_022145598.1",15516447,15527197
"NW_022145598.1",15527199,15537400
"NW_022145598.1",15537408,15565115
"NW_022145598.1",15565116,15581812
"NW_022145598.1",15581813,15594658
"NW_022145598.1",15594667,15614187
"NW_022145598.1",15614188,15809145
"NW_022145598.1",15809146,15874640
"NW_022145598.1",15874663,15894267
"NW_022145598.1",15894276,15911072
"NW_022145598.1",15911074,15928858
"NW_022145598.1",15928863,15958500
"NW_022145598.1",15958503,15976226
"NW_022145598.1",15976233,15992743
"NW_022145598.1",15992746,16004863
"NW_022145598.1",16004864,16024872
"NW_022145598.1",16024876,16037817
"NW_022145598.1",16037847,16051822
"NW_022145598.1",16051831,16062343
"NW_022145598.1",16062346,16072312
"NW_022145598.1",16072313,16080638
"NW_022145598.1",16080641,16091853
"NW_022145598.1",16091856,16105243
"NW_022145598.1",16105244,16114610
"NW_022145598.1",16114611,16122758
"NW_022145598.1",16122761,16136657
"NW_022145598.1",16136658,16144938
"NW_022145598.1",16144939,16152761
"NW_022145598.1",16152763,16162850
"NW_022145598.1",16162850,16183959
"NW_022145598.1",16183965,16236219
"NW_022145598.1",16236221,16247003
"NW_022145598.1",16247004,16257164
"NW_022145598.1",16257165,16272332
"NW_022145598.1",16272348,16297732
"NW_022145598.1",16297733,16306892
"NW_022145598.1",16306894,16330228
"NW_022145598.1",16330232,16342558
"NW_022145598.1",16342562,16362330
"NW_022145598.1",16362331,16376506
"NW_022145598.1",16376509,16393506
"NW_022145598.1",16393507,16518881
"NW_022145598.1",16518911,16611906
"NW_022145598.1",16611909,16633302
"NW_022145598.1",16633304,16643597
"NW_022145598.1",16643598,16653589
"NW_022145598.1",16653593,16662582
"NW_022145598.1",16662584,16669721
"NW_022145598.1",16669722,16696074
"NW_022145598.1",16696080,16704817
"NW_022145598.1",16704819,16724093
"NW_022145598.1",16724094,16732299
"NW_022145598.1",16732300,16740451
"NW_022145598.1",16740454,16749979
"NW_022145598.1",16749980,16758710
"NW_022145598.1",16758711,16767284
"NW_022145598.1",16767285,16784008
"NW_022145598.1",16784012,16791329
"NW_022145598.1",16791335,16806006
"NW_022145598.1",16806007,16812097
"NW_022145598.1",16812100,16821133
"NW_022145598.1",16821136,16830310
"NW_022145598.1",16830317,16839813
"NW_022145598.1",16839814,16848031
"NW_022145598.1",16848033,16857073
"NW_022145598.1",16857076,16871834
"NW_022145598.1",16871835,16878833
"NW_022145598.1",16878836,16892443
"NW_022145598.1",16892445,16901546
"NW_022145598.1",16901547,16909419
"NW_022145598.1",16909422,16917187
"NW_022145598.1",16917188,16924974
"NW_022145598.1",16924975,16933579
"NW_022145598.1",16933581,16944829
"NW_022145598.1",16944933,16951302
"NW_022145598.1",16951304,16975688
"NW_022145598.1",16975693,16984893
"NW_022145598.1",16984894,16998103
"NW_022145598.1",16998104,17011463
"NW_022145598.1",17011464,17019201
"NW_022145598.1",17019202,17026816
"NW_022145598.1",17026817,17037883
"NW_022145598.1",17037884,17046132
"NW_022145598.1",17046134,17058140
"NW_022145598.1",17058141,17065526
"NW_022145598.1",17065527,17074955
"NW_022145598.1",17074957,17085054
"NW_022145598.1",17085055,17091670
"NW_022145598.1",17091671,17097970
"NW_022145598.1",17097971,17105089
"NW_022145598.1",17105090,17111982
"NW_022145598.1",17111983,17129497
"NW_022145598.1",17129504,17145079
"NW_022145598.1",17145083,17154830
"NW_022145598.1",17154831,17176284
"NW_022145598.1",17176286,17190261
"NW_022145598.1",17190263,17201798
"NW_022145598.1",17201800,17208732
"NW_022145598.1",17208733,17217978
"NW_022145598.1",17217993,17230308
"NW_022145598.1",17230310,17244241
"NW_022145598.1",17244242,17264037
"NW_022145598.1",17264045,17278056
"NW_022145598.1",17278058,17287671
"NW_022145598.1",17287674,17297704
"NW_022145598.1",17297708,17305993
"NW_022145598.1",17305995,17313754
"NW_022145598.1",17313758,17321902
"NW_022145598.1",17321903,17341594
"NW_022145598.1",17341597,17351109
"NW_022145598.1",17351111,17360950
"NW_022145598.1",17360950,17370781
"NW_022145598.1",17370782,17377551
"NW_022145598.1",17377552,17391094
"NW_022145598.1",17391096,17412806
"NW_022145598.1",17412808,17420814
"NW_022145598.1",17420817,17428170
"NW_022145598.1",17428173,17444989
"NW_022145598.1",17444993,17460188
"NW_022145598.1",17460189,17469095
"NW_022145598.1",17469100,17481381
"NW_022145598.1",17481386,17488687
"NW_022145598.1",17488688,17496161
"NW_022145598.1",17496162,17503570
"NW_022145598.1",17503572,17511933
"NW_022145598.1",17511934,17528376
"NW_022145598.1",17528377,17537632
"NW_022145598.1",17537634,17544503
"NW_022145598.1",17544506,17567079
"NW_022145598.1",17567081,17579939
"NW_022145598.1",17579940,17585033
"NW_022145598.1",17585034,17594391
"NW_022145598.1",17594395,17600553
"NW_022145598.1",17600555,17606288
"NW_022145598.1",17606290,17613195
"NW_022145598.1",17613196,17619450
"NW_022145598.1",17619451,17625705
"NW_022145598.1",17625706,17634188
"NW_022145598.1",17634190,17640253
"NW_022145598.1",17640254,17646860
"NW_022145598.1",17646861,17656511
"NW_022145598.1",17656513,17665901
"NW_022145598.1",17665903,17674219
"NW_022145598.1",17674220,17681458
"NW_022145598.1",17681460,17696838
"NW_022145598.1",17696841,17794490
"NW_022145598.1",17794492,17806139
"NW_022145598.1",17806139,17818157
"NW_022145598.1",17818158,17835433
"NW_022145598.1",17835434,17843405
"NW_022145598.1",17843407,17855882
"NW_022145598.1",17855883,17863525
"NW_022145598.1",17863526,17871820
"NW_022145598.1",17871820,17888119
"NW_022145598.1",17888120,17930453
"NW_022145598.1",17930459,17961334
"NW_022145598.1",17961342,17978639
"NW_022145598.1",17978640,18023183
"NW_022145598.1",18023185,18184432
"NW_022145598.1",18184434,18280575
"NW_022145598.1",18280576,18358977
"NW_022145598.1",18358982,18403888
"NW_022145598.1",18403893,18440046
"NW_022145598.1",18440047,18467278
"NW_022145598.1",18467280,18517838
"NW_022145598.1",18517841,18557615
"NW_022145598.1",18557616,18586245
"NW_022145598.1",18586247,18630960
"NW_022145598.1",18630969,18685006
"NW_022145598.1",18685007,18736274
"NW_022145598.1",18736275,18780174
"NW_022145598.1",18780174,18809829
"NW_022145598.1",18809831,18836398
"NW_022145598.1",18836400,18884316
"NW_022145598.1",18884413,19068083
"NW_022145598.1",19068085,19117881
"NW_022145598.1",19117909,19127774
"NW_022145598.1",19127775,19136455
"NW_022145598.1",19136456,19144358
"NW_022145598.1",19144359,19152992
"NW_022145598.1",19152994,19174921
"NW_022145598.1",19174922,19185818
"NW_022145598.1",19185820,19192941
"NW_022145598.1",19192945,19209667
"NW_022145598.1",19209674,19218170
"NW_022145598.1",19218170,19226713
"NW_022145598.1",19226715,19233059
"NW_022145598.1",19233065,19240905
"NW_022145598.1",19240906,19284604
"NW_022145598.1",19284612,19313924
"NW_022145598.1",19313927,19349927
"NW_022145598.1",19349931,19400174
"NW_022145598.1",19400176,19469011
"NW_022145598.1",19469013,19489774
"NW_022145598.1",19489776,19540400
"NW_022145598.1",19540557,19571168
"NW_022145598.1",19571169,19615803
"NW_022145598.1",19615805,19627209
"NW_022145598.1",19627210,19683256
"NW_022145598.1",19683258,19693682
"NW_022145598.1",19693690,19706147
"NW_022145598.1",19706149,19715215
"NW_022145598.1",19715216,19722605
"NW_022145598.1",19722609,19728904
"NW_022145598.1",19728905,19736346
"NW_022145598.1",19736350,19744836
"NW_022145598.1",19744840,19763933
"NW_022145598.1",19763937,19791925
"NW_022145598.1",19791926,19801442
"NW_022145598.1",19801443,19831094
"NW_022145598.1",19831102,19843410
"NW_022145598.1",19843411,19856662
"NW_022145598.1",19856663,19870214
"NW_022145598.1",19870216,19891266
"NW_022145598.1",19891288,19922845
"NW_022145598.1",19922846,19975643
"NW_022145598.1",19975644,19997284
"NW_022145598.1",19997289,20010133
"NW_022145598.1",20010137,20020660
"NW_022145598.1",20020664,20034644
"NW_022145598.1",20034645,20048971
"NW_022145598.1",20048983,20058423
"NW_022145598.1",20058428,20069629
"NW_022145598.1",20069630,20126240
"NW_022145598.1",20126241,20145949
"NW_022145598.1",20145951,20161620
"NW_022145598.1",20161623,20170651
"NW_022145598.1",20170656,20182666
"NW_022145598.1",20182669,20202374
"NW_022145598.1",20202379,20217407
"NW_022145598.1",20217408,20228151
"NW_022145598.1",20228154,20237937
"NW_022145598.1",20237938,20250527
"NW_022145598.1",20250528,20260791
"NW_022145598.1",20260792,20267559
"NW_022145598.1",20267560,20279033
"NW_022145598.1",20279034,20293004
"NW_022145598.1",20293007,20304300
"NW_022145598.1",20304302,20314338
"NW_022145598.1",20314339,20321911
"NW_022145598.1",20321912,20337802
"NW_022145598.1",20337802,20347318
"NW_022145598.1",20347330,20356264
"NW_022145598.1",20356265,20371306
"NW_022145598.1",20371307,20378678
"NW_022145598.1",20378679,20385881
"NW_022145598.1",20385884,20397632
"NW_022145598.1",20397635,20409973
"NW_022145598.1",20409975,20417702
"NW_022145598.1",20417710,20425444
"NW_022145598.1",20425447,20435442
"NW_022145598.1",20435443,20443518
"NW_022145598.1",20443519,20470969
"NW_022145598.1",20470972,20476735
"NW_022145598.1",20476741,20486166
"NW_022145598.1",20486170,20497345
"NW_022145598.1",20497346,20507012
"NW_022145598.1",20507013,20515120
"NW_022145598.1",20515121,20523719
"NW_022145598.1",20523720,20531709
"NW_022145598.1",20531710,20540033
"NW_022145598.1",20540037,20545445
"NW_022145598.1",20545448,20555023
"NW_022145598.1",20555026,20561682
"NW_022145598.1",20561683,20572708
"NW_022145598.1",20572709,20586190
"NW_022145598.1",20586191,20597841
"NW_022145598.1",20597844,20605933
"NW_022145598.1",20605935,20611749
"NW_022145598.1",20611750,20618397
"NW_022145598.1",20618399,20624019
"NW_022145598.1",20624020,20631229
"NW_022145598.1",20631231,20639569
"NW_022145598.1",20639569,20654428
"NW_022145598.1",20654428,20663090
"NW_022145598.1",20663091,20671521
"NW_022145598.1",20671527,20680188
"NW_022145598.1",20680189,20689585
"NW_022145598.1",20689587,20697823
"NW_022145598.1",20697824,20705886
"NW_022145598.1",20705890,20715055
"NW_022145598.1",20715057,20731837
"NW_022145598.1",20731852,20741957
"NW_022145598.1",20741960,20753991
"NW_022145598.1",20753993,20766070
"NW_022145598.1",20766072,20772431
"NW_022145598.1",20772432,20784571
"NW_022145598.1",20784575,20790969
"NW_022145598.1",20790970,20797621
"NW_022145598.1",20797622,20807561
"NW_022145598.1",20807564,20815683
"NW_022145598.1",20815684,20828263
"NW_022145598.1",20828264,20840076
"NW_022145598.1",20840085,20860988
"NW_022145598.1",20860992,20868511
"NW_022145598.1",20868513,20877274
"NW_022145598.1",20877275,20887101
"NW_022145598.1",20887101,20900806
"NW_022145598.1",20900809,20931975
"NW_022145598.1",20931980,20986477
"NW_022145598.1",20986479,21084458
"NW_022145598.1",21084466,21125038
"NW_022145598.1",21125041,21235609
"NW_022145598.1",21235622,21292390
"NW_022145598.1",21292408,21347404
"NW_022145598.1",21347426,21364835
"NW_022145598.1",21364844,21382086
"NW_022145598.1",21382089,21400297
"NW_022145598.1",21400305,21460473
"NW_022145598.1",21460473,21467971
"NW_022145598.1",21467973,21487654
"NW_022145598.1",21487655,21495989
"NW_022145598.1",21495990,21503121
"NW_022145598.1",21503123,21511368
"NW_022145598.1",21511374,21521180
"NW_022145598.1",21521181,21533753
"NW_022145598.1",21533754,21547956
"NW_022145598.1",21547957,21557262
"NW_022145598.1",21557263,21564241
"NW_022145598.1",21564242,21570447
"NW_022145598.1",21570457,21577762
"NW_022145598.1",21577763,21586987
"NW_022145598.1",21586988,21593125
"NW_022145598.1",21593127,21598338
"NW_022145598.1",21598340,21606931
"NW_022145598.1",21606932,21612226
"NW_022145598.1",21612227,21618952
"NW_022145598.1",21618953,21625567
"NW_022145598.1",21625568,21636354
"NW_022145598.1",21636357,21645380
"NW_022145598.1",21645381,21651743
"NW_022145598.1",21651744,21658769
"NW_022145598.1",21658772,21666948
"NW_022145598.1",21666949,21676297
"NW_022145598.1",21676298,21687506
"NW_022145598.1",21687515,21697678
"NW_022145598.1",21697680,21709953
"NW_022145598.1",21709955,21727238
"NW_022145598.1",21727239,21754499
"NW_022145598.1",21754500,21766579
"NW_022145598.1",21766581,21779531
"NW_022145598.1",21779539,21804530
"NW_022145598.1",21804538,21841647
"NW_022145598.1",21841648,21851481
"NW_022145598.1",21851486,21865365
"NW_022145598.1",21865365,21875010
"NW_022145598.1",21875012,21884241
"NW_022145598.1",21884242,21894081
"NW_022145598.1",21894083,21902808
"NW_022145598.1",21902809,21915992
"NW_022145598.1",21915997,21926033
"NW_022145598.1",21926038,21939069
"NW_022145598.1",21939070,21961555
"NW_022145598.1",21961560,22002756
"NW_022145598.1",22002760,22024322
"NW_022145598.1",22024324,22040713
"NW_022145598.1",22040716,22057829
"NW_022145598.1",22057834,22067629
"NW_022145598.1",22067633,22079384
"NW_022145598.1",22079385,22235895
"NW_022145598.1",22235896,22413318
"NW_022145598.1",22413320,22521068
"NW_022145598.1",22546900,22650178
"NW_022145598.1",22650179,22705491
"NW_022145598.1",22705496,22745669
"NW_022145598.1",22745671,22759448
"NW_022145598.1",22759451,22764752
"NW_022145598.1",22764753,22771502
"NW_022145598.1",22771505,22779658
"NW_022145598.1",22779659,22790293
"NW_022145598.1",22790294,22799650
"NW_022145598.1",22799651,22811179
"NW_022145598.1",22811191,22850856
"NW_022145598.1",22850857,22857770
"NW_022145598.1",22857773,22867142
"NW_022145598.1",22867143,22881148
"NW_022145598.1",22881149,22890884
"NW_022145598.1",22890885,22899979
"NW_022145598.1",22899981,22912865
"NW_022145598.1",22912865,22928027
"NW_022145598.1",22928029,23000302
"NW_022145598.1",23000307,23101797
"NW_022145598.1",23101798,23149320
"NW_022145598.1",23149321,23213391
"NW_022145598.1",23213394,23258499
"NW_022145598.1",23258500,23280671
"NW_022145598.1",23280674,23317392
"NW_022145598.1",23317406,23481257
"NW_022145598.1",23481262,23603238
"NW_022145598.1",23603247,23676908
"NW_022145598.1",23676910,23705909
"NW_022145598.1",23705912,23749321
"NW_022145598.1",23749322,23789517
"NW_022145598.1",23789518,23825060
"NW_022145598.1",23825062,23862783
"NW_022145598.1",23862784,23911644
"NW_022145598.1",23911658,23920814
"NW_022145598.1",23920816,23928582
"NW_022145598.1",23928589,23938660
"NW_022145598.1",23938661,23948867
"NW_022145598.1",23948869,23959843
"NW_022145598.1",23959846,23968130
"NW_022145598.1",23968133,23974061
"NW_022145598.1",23974068,24007717
"NW_022145598.1",24007719,24019092
"NW_022145598.1",24019093,24032689
"NW_022145598.1",24032691,24040378
"NW_022145598.1",24040382,24049141
"NW_022145598.1",24049146,24056365
"NW_022145598.1",24056367,24063316
"NW_022145598.1",24063317,24072800
"NW_022145598.1",24072803,24082612
"NW_022145598.1",24082613,24088264
"NW_022145598.1",24088265,24095160
"NW_022145598.1",24095167,24103216
"NW_022145598.1",24103217,24124065
"NW_022145598.1",24124067,24132611
"NW_022145598.1",24132612,24144008
"NW_022145598.1",24144009,24178559
"NW_022145598.1",24178561,24217742
"NW_022145598.1",24217742,24276670
"NW_022145598.1",24276674,24319428
"NW_022145598.1",24319448,24382190
"NW_022145598.1",24382206,24436631
"NW_022145598.1",24438423,24513917
"NW_022145598.1",24513918,24522972
"NW_022145598.1",24522973,24528696
"NW_022145598.1",24528697,24538522
"NW_022145598.1",24538523,24552349
"NW_022145598.1",24552351,24573638
"NW_022145598.1",24573640,24584786
"NW_022145598.1",24584791,24597368
"NW_022145598.1",24597370,24609145
"NW_022145598.1",24609146,24634613
"NW_022145598.1",24634623,24719754
"NW_022145598.1",24719756,24761054
"NW_022145598.1",24761058,24779170
"NW_022145598.1",24779175,24793552
"NW_022145598.1",24793561,24808440
"NW_022145598.1",24808451,24828870
"NW_022145598.1",24828871,24840624
"NW_022145598.1",24840640,24848812
"NW_022145598.1",24848812,24857528
"NW_022145598.1",24857529,24867773
"NW_022145598.1",24867775,24882322
"NW_022145598.1",24882323,24897333
"NW_022145598.1",24897334,24918714
"NW_022145598.1",24918715,24934017
"NW_022145598.1",24934020,24959368
"NW_022145598.1",24959369,24970871
"NW_022145598.1",24970877,24979582
"NW_022145598.1",24979586,24991407
"NW_022145598.1",24991410,25002784
"NW_022145598.1",25002785,25011721
"NW_022145598.1",25011726,25020655
"NW_022145598.1",25020656,25029364
"NW_022145598.1",25029364,25037240
"NW_022145598.1",25037242,25046928
"NW_022145598.1",25046929,25056128
"NW_022145598.1",25056137,25079052
"NW_022145598.1",25079058,25107533
"NW_022145598.1",25107540,25134041
"NW_022145598.1",25134047,25173181
"NW_022145598.1",25173183,25185144
"NW_022145598.1",25185146,25194072
"NW_022145598.1",25194075,25203605
"NW_022145598.1",25203606,25215053
"NW_022145598.1",25215055,25231108
"NW_022145598.1",25231111,25243923
"NW_022145598.1",25243925,25250619
"NW_022145598.1",25250620,25261987
"NW_022145598.1",25261988,25278934
"NW_022145598.1",25278939,25289288
"NW_022145598.1",25289288,25326118
"NW_022145598.1",25326126,25333636
"NW_022145598.1",25333637,25346206
"NW_022145598.1",25346210,25356684
"NW_022145598.1",25356687,25365484
"NW_022145598.1",25365485,25374590
"NW_022145598.1",25374591,25381308
"NW_022145598.1",25381309,25388622
"NW_022145598.1",25388631,25399538
"NW_022145598.1",25399540,25408440
"NW_022145598.1",25408440,25420868
"NW_022145598.1",25420869,25446411
"NW_022145598.1",25446414,25458394
"NW_022145598.1",25458428,25471623
"NW_022145598.1",25471626,25499147
"NW_022145598.1",25499178,25537229
"NW_022145598.1",25537237,25569241
"NW_022145598.1",25569252,25594172
"NW_022145598.1",25594173,25611775
"NW_022145598.1",25611778,25626521
"NW_022145598.1",25626524,25658509
"NW_022145598.1",25658510,25680313
"NW_022145598.1",25680317,25706890
"NW_022145598.1",25706893,25771083
"NW_022145598.1",25771085,25790835
"NW_022145598.1",25790836,25879014
"NW_022145598.1",25879018,25900676
"NW_022145598.1",25900687,25926121
"NW_022145598.1",25926122,25949128
"NW_022145598.1",25949132,26117047
"NW_022145598.1",26117054,26252436
"NW_022145598.1",26252440,26452430
"NW_022145598.1",26452432,26625908
"NW_022145598.1",26625910,26638641
"NW_022145598.1",26638642,26653914
"NW_022145598.1",26653921,26670688
"NW_022145598.1",26670698,26729758
"NW_022145598.1",26729759,26754973
"NW_022145598.1",26754974,26765745
"NW_022145598.1",26765747,26777457
"NW_022145598.1",26777460,26791661
"NW_022145598.1",26791662,26804882
"NW_022145598.1",26804889,26816951
"NW_022145598.1",26816952,26829806
"NW_022145598.1",26829809,26844336
"NW_022145598.1",26844339,26860460
"NW_022145598.1",26860467,26874174
"NW_022145598.1",26874181,26889215
"NW_022145598.1",26889220,26904151
"NW_022145598.1",26904157,26920720
"NW_022145598.1",26920723,26936641
"NW_022145598.1",26936642,26947837
"NW_022145598.1",26947838,26961707
"NW_022145598.1",26961709,26970489
"NW_022145598.1",26970492,26981396
"NW_022145598.1",26981397,26990528
"NW_022145598.1",26990723,26999903
"NW_022145598.1",26999908,27010175
"NW_022145598.1",27010176,27018994
"NW_022145598.1",27018997,27028086
"NW_022145598.1",27028087,27038328
"NW_022145598.1",27038329,27047291
"NW_022145598.1",27047292,27058286
"NW_022145598.1",27058287,27066083
"NW_022145598.1",27066088,27078140
"NW_022145598.1",27078146,27089379
"NW_022145598.1",27089382,27099837
"NW_022145598.1",27099842,27109757
"NW_022145598.1",27109758,27117923
"NW_022145598.1",27117925,27128322
"NW_022145598.1",27128328,27139842
"NW_022145598.1",27139843,27150977
"NW_022145598.1",27150979,27162152
"NW_022145598.1",27162152,27170011
"NW_022145598.1",27170013,27179355
"NW_022145598.1",27179360,27187271
"NW_022145598.1",27187273,27197441
"NW_022145598.1",27197443,27207425
"NW_022145598.1",27207432,27214904
"NW_022145598.1",27214905,27223050
"NW_022145598.1",27223051,27231085
"NW_022145598.1",27231086,27239014
"NW_022145598.1",27239016,27247949
"NW_022145598.1",27247950,27261093
"NW_022145598.1",27261093,27271147
"NW_022145598.1",27271149,27281176
"NW_022145598.1",27281179,27288848
"NW_022145598.1",27288850,27295464
"NW_022145598.1",27295467,27304080
"NW_022145598.1",27304081,27312038
"NW_022145598.1",27312039,27320416
"NW_022145598.1",27320417,27330986
"NW_022145598.1",27330989,27338981
"NW_022145598.1",27338982,27348143
"NW_022145598.1",27348149,27355797
"NW_022145598.1",27355801,27365395
"NW_022145598.1",27365398,27385622
"NW_022145598.1",27385624,27396446
"NW_022145598.1",27396447,27418053
"NW_022145598.1",27418055,27426436
"NW_022145598.1",27426437,27436387
"NW_022145598.1",27436388,27453055
"NW_022145598.1",27453058,27464857
"NW_022145598.1",27464859,27483011
"NW_022145598.1",27483015,27498303
"NW_022145598.1",27498310,27555597
"NW_022145598.1",27555602,27592908
"NW_022145598.1",27592914,27609787
"NW_022145598.1",27609789,27624936
"NW_022145598.1",27624942,27637476
"NW_022145598.1",27637479,27658643
"NW_022145598.1",27658643,27673843
"NW_022145598.1",27673845,27688308
"NW_022145598.1",27688311,27699091
"NW_022145598.1",27699093,27707841
"NW_022145598.1",27707844,27721064
"NW_022145598.1",27721067,27734316
"NW_022145598.1",27734323,27744639
"NW_022145598.1",27744647,27754338
"NW_022145598.1",27754342,27771875
"NW_022145598.1",27771884,27782363
"NW_022145598.1",27782364,27794007
"NW_022145598.1",27794011,27810418
"NW_022145598.1",27810440,27828214
"NW_022145598.1",27828215,28027951
"NW_022145598.1",28027978,28215412
"NW_022145598.1",28215425,28300055
"NW_022145598.1",28300065,28351416
"NW_022145598.1",28351422,28432250
"NW_022145598.1",28434388,28572341
"NW_022145598.1",28572346,28636229
"NW_022145598.1",28636233,28700916
"NW_022145598.1",28700917,28775740
"NW_022145598.1",28775741,28813219
"NW_022145598.1",28813232,28828291
"NW_022145598.1",28828296,28861659
"NW_022145598.1",28861670,28877715
"NW_022145598.1",28877719,28952522
"NW_022145598.1",28952523,28996805
"NW_022145598.1",28996811,29045834
"NW_022145598.1",29045835,29090595
"NW_022145598.1",29090601,29133220
"NW_022145598.1",29133222,29190433
"NW_022145598.1",29190434,29246573
"NW_022145598.1",29246579,29289461
"NW_022145598.1",29289462,29303130
"NW_022145598.1",29303133,29319876
"NW_022145598.1",29319877,29360168
"NW_022145598.1",29360175,29380472
"NW_022145598.1",29380474,29416728
"NW_022145598.1",29416730,29444036
"NW_022145598.1",29444042,29489065
"NW_022145598.1",29489077,29616745
"NW_022145598.1",29616749,29712999
"NW_022145598.1",29713003,29758191
"NW_022145598.1",29758196,29774463
"NW_022145598.1",29774464,29783767
"NW_022145598.1",29783768,29793059
"NW_022145598.1",29793065,29802874
"NW_022145598.1",29802879,29813949
"NW_022145598.1",29813953,29822605
"NW_022145598.1",29822606,29835745
"NW_022145598.1",29835749,29844377
"NW_022145598.1",29844380,29851112
"NW_022145598.1",29851113,29860699
"NW_022145598.1",29860700,29867788
"NW_022145598.1",29867790,29876161
"NW_022145598.1",29876162,29893282
"NW_022145598.1",29893288,29906545
"NW_022145598.1",29906546,29919377
"NW_022145598.1",29919379,29925643
"NW_022145598.1",29925649,29933489
"NW_022145598.1",29933490,29940432
"NW_022145598.1",29940433,29947664
"NW_022145598.1",29947666,29954712
"NW_022145598.1",29954714,29960726
"NW_022145598.1",29960727,29968862
"NW_022145598.1",29968863,29975447
"NW_022145598.1",29975448,29985931
"NW_022145598.1",29985934,29993316
"NW_022145598.1",29993318,30006559
"NW_022145598.1",30006561,30013774
"NW_022145598.1",30013776,30026370
"NW_022145598.1",30026371,30037341
"NW_022145598.1",30037354,30050381
"NW_022145598.1",30050382,30071148
"NW_022145598.1",30071153,30083180
"NW_022145598.1",30083190,30094439
"NW_022145598.1",30094442,30127126
"NW_022145598.1",30127127,30160355
"NW_022145598.1",30160356,30180988
"NW_022145598.1",30180990,30193217
"NW_022145598.1",30193220,30215868
"NW_022145598.1",30215871,30233328
"NW_022145598.1",30233329,30242147
"NW_022145598.1",30242149,30249571
"NW_022145598.1",30249575,30257052
"NW_022145598.1",30257056,30271768
"NW_022145598.1",30271769,30303861
"NW_022145598.1",30303863,30319355
"NW_022145598.1",30319355,30325495
"NW_022145598.1",30325499,30335864
"NW_022145598.1",30335865,30345473
"NW_022145598.1",30345474,30357522
"NW_022145598.1",30357527,30367853
"NW_022145598.1",30367855,30375799
"NW_022145598.1",30375805,30388430
"NW_022145598.1",30388432,30397928
"NW_022145598.1",30397930,30407817
"NW_022145598.1",30407818,30417650
"NW_022145598.1",30417659,30431197
"NW_022145598.1",30431200,30446277
"NW_022145598.1",30446280,30454621
"NW_022145598.1",30454623,30462727
"NW_022145598.1",30462729,30471669
"NW_022145598.1",30471670,30480184
"NW_022145598.1",30480188,30538485
"NW_022145598.1",30538486,30608926
"NW_022145598.1",30608927,30718141
"NW_022145598.1",30718142,30771306
"NW_022145598.1",30771309,30849474
"NW_022145598.1",30849479,30860878
"NW_022145598.1",30860879,30878998
"NW_022145598.1",30879000,30895185
"NW_022145598.1",30895186,30915347
"NW_022145598.1",30915348,30932255
"NW_022145598.1",30932255,30946195
"NW_022145598.1",30946197,30956049
"NW_022145598.1",30956055,30968184
"NW_022145598.1",30968186,30980761
"NW_022145598.1",30980762,31000042
"NW_022145598.1",31000043,31009285
"NW_022145598.1",31009288,31017529
"NW_022145598.1",31017534,31026881
"NW_022145598.1",31026885,31039079
"NW_022145598.1",31039082,31071418
"NW_022145598.1",31071425,31111749
"NW_022145598.1",31111755,31156206
"NW_022145598.1",31156209,31208897
"NW_022145598.1",31209071,31244470
"NW_022145598.1",31244471,31338295
"NW_022145598.1",31338296,31397940
"NW_022145598.1",31397992,31451720
"NW_022145598.1",31451722,31479117
"NW_022145598.1",31479119,31531628
"NW_022145598.1",31531631,31570175
"NW_022145598.1",31570178,31603693
"NW_022145598.1",31603694,31637284
"NW_022145598.1",31637284,31766623
"NW_022145598.1",31766625,31774782
"NW_022145598.1",31774797,31794520
"NW_022145598.1",31794523,31836080
"NW_022145598.1",31836089,31891305
"NW_022145598.1",31891309,31998799
"NW_022145598.1",31998806,32080440
"NW_022145598.1",32080441,32139801
"NW_022145598.1",32139803,32158348
"NW_022145598.1",32158350,32195758
"NW_022145598.1",32195759,32296748
"NW_022145598.1",32296751,32367847
"NW_022145598.1",32367855,32441024
"NW_022145598.1",32441028,32562416
"NW_022145598.1",32562417,32591718
"NW_022145598.1",32591720,32643794
"NW_022145598.1",32643797,32758125
"NW_022145598.1",32758139,32814287
"NW_022145598.1",32814288,32840334
"NW_022145598.1",32840335,32880771
"NW_022145598.1",32880773,33029862
"NW_022145598.1",33029865,33256305
"NW_022145598.1",33256307,33356072
"NW_022145598.1",33356076,33620083
"NW_022145598.1",33620111,33764445
"NW_022145598.1",33764446,33848854
"NW_022145598.1",33848869,34061776
"NW_022145598.1",34061782,34164457
"NW_022145598.1",34164464,34221748
"NW_022145598.1",34221751,34344372
"NW_022145598.1",34344379,34353694
"NW_022145598.1",34353696,34364759
"NW_022145598.1",34364760,34377004
"NW_022145598.1",34377007,34387634
"NW_022145598.1",34387635,34453216
"NW_022145598.1",34453218,34467909
"NW_022145598.1",34467912,34482576
"NW_022145598.1",34482589,34567639
"NW_022145598.1",34567642,34574773
"NW_022145598.1",34574775,34581355
"NW_022145598.1",34581359,34590054
"NW_022145598.1",34590055,34597986
"NW_022145598.1",34597987,34611665
"NW_022145598.1",34611667,34626235
"NW_022145598.1",34626236,34637190
"NW_022145598.1",34637194,34648397
"NW_022145598.1",34648401,34658396
"NW_022145598.1",34658396,34671185
"NW_022145598.1",34671186,34691242
"NW_022145598.1",34691244,34717643
"NW_022145598.1",34717644,34734774
"NW_022145598.1",34734791,34745990
"NW_022145598.1",34746000,34756805
"NW_022145598.1",34756807,34763863
"NW_022145598.1",34763864,34771443
"NW_022145598.1",34771448,34778571
"NW_022145598.1",34778573,34786753
"NW_022145598.1",34786753,34798845
"NW_022145598.1",34798859,34816355
"NW_022145598.1",34816357,34873139
"NW_022145598.1",34873140,34925047
"NW_022145598.1",34925054,34953063
"NW_022145598.1",34953067,34970069
"NW_022145598.1",34970078,34981270
"NW_022145598.1",34981274,34988110
"NW_022145598.1",34988112,35026637
"NW_022145598.1",35026642,35035649
"NW_022145598.1",35035649,35051656
"NW_022145598.1",35051657,35058363
"NW_022145598.1",35058364,35070708
"NW_022145598.1",35070710,35085755
"NW_022145598.1",35085756,35096352
"NW_022145598.1",35096359,35104142
"NW_022145598.1",35104142,35117856
"NW_022145598.1",35117860,35127066
"NW_022145598.1",35127069,35134958
"NW_022145598.1",35134959,35145048
"NW_022145598.1",35145049,35150605
"NW_022145598.1",35150608,35166180
"NW_022145598.1",35166181,35182357
"NW_022145598.1",35182358,35192862
"NW_022145598.1",35192864,35201759
"NW_022145598.1",35201762,35222224
"NW_022145598.1",35222230,35234612
"NW_022145598.1",35234617,35240044
"NW_022145598.1",35240045,35247506
"NW_022145598.1",35247525,35261620
"NW_022145598.1",35261621,35274532
"NW_022145598.1",35274533,35280721
"NW_022145598.1",35280722,35288227
"NW_022145598.1",35288229,35295378
"NW_022145598.1",35295380,35305106
"NW_022145598.1",35305112,35312155
"NW_022145598.1",35312157,35318445
"NW_022145598.1",35318446,35327612
"NW_022145598.1",35327614,35335096
"NW_022145598.1",35335097,35344026
"NW_022145598.1",35344027,35352446
"NW_022145598.1",35352449,35365560
"NW_022145598.1",35365562,35377099
"NW_022145598.1",35377101,35385297
"NW_022145598.1",35385299,35396742
"NW_022145598.1",35396745,35411141
"NW_022145598.1",35411143,35434810
"NW_022145598.1",35434815,35445482
"NW_022145598.1",35445484,35491503
"NW_022145598.1",35491503,35543625
"NW_022145598.1",35543626,35601037
"NW_022145598.1",35601046,35631315
"NW_022145598.1",35631323,35798154
"NW_022145598.1",35798158,35848443
"NW_022145598.1",35848445,35870889
"NW_022145598.1",35870899,35948636
"NW_022145598.1",35948640,35975100
"NW_022145598.1",35975107,35984087
"NW_022145598.1",35984089,35999977
"NW_022145598.1",35999979,36009189
"NW_022145598.1",36009191,36020393
"NW_022145598.1",36020395,36054670
"NW_022145598.1",36054671,36070528
"NW_022145598.1",36070530,36088733
"NW_022145598.1",36088734,36095925
"NW_022145598.1",36095925,36105463
"NW_022145598.1",36105465,36113972
"NW_022145598.1",36113974,36122707
"NW_022145598.1",36122710,36133022
"NW_022145598.1",36133023,36141376
"NW_022145598.1",36141376,36151409
"NW_022145598.1",36151411,36160542
"NW_022145598.1",36160543,36167096
"NW_022145598.1",36167098,36175623
"NW_022145598.1",36175627,36184278
"NW_022145598.1",36184281,36193394
"NW_022145598.1",36193399,36200591
"NW_022145598.1",36200591,36218201
"NW_022145598.1",36218203,36228569
"NW_022145598.1",36228571,36236811
"NW_022145598.1",36236817,36254599
"NW_022145598.1",36254606,36277455
"NW_022145598.1",36277456,36284396
"NW_022145598.1",36284397,36290975
"NW_022145598.1",36290976,36299419
"NW_022145598.1",36299420,36308130
"NW_022145598.1",36308140,36314534
"NW_022145598.1",36314535,36322451
"NW_022145598.1",36322458,36333695
"NW_022145598.1",36333697,36350593
"NW_022145598.1",36350595,36363840
"NW_022145598.1",36363843,36370853
"NW_022145598.1",36370854,36378342
"NW_022145598.1",36378343,36388896
"NW_022145598.1",36388897,36397773
"NW_022145598.1",36397774,36405838
"NW_022145598.1",36405839,36413828
"NW_022145598.1",36413834,36427145
"NW_022145598.1",36427145,36433977
"NW_022145598.1",36433977,36443459
"NW_022145598.1",36443463,36452686
"NW_022145598.1",36452688,36461596
"NW_022145598.1",36461597,36473171
"NW_022145598.1",36473172,36482076
"NW_022145598.1",36482077,36520049
"NW_022145598.1",36520050,36549773
"NW_022145598.1",36549779,36573705
"NW_022145598.1",36573706,36585748
"NW_022145598.1",36585748,36593568
"NW_022145598.1",36593571,36601322
"NW_022145598.1",36601332,36608328
"NW_022145598.1",36608331,36624705
"NW_022145598.1",36624705,36632687
"NW_022145598.1",36632689,36640074
"NW_022145598.1",36640075,36649851
"NW_022145598.1",36649852,36724417
"NW_022145598.1",36724421,36754469
"NW_022145598.1",36754489,36766696
"NW_022145598.1",36766698,36780417
"NW_022145598.1",36780420,36788111
"NW_022145598.1",36788113,36800721
"NW_022145598.1",36800722,36811097
"NW_022145598.1",36811098,36835516
"NW_022145598.1",36835518,36848066
"NW_022145598.1",36848068,36858679
"NW_022145598.1",36858684,36871814
"NW_022145598.1",36871822,36949457
"NW_022145598.1",36949464,36965371
"NW_022145598.1",36965372,36982714
"NW_022145598.1",36982717,36993056
"NW_022145598.1",36993058,37001403
"NW_022145598.1",37001404,37010554
"NW_022145598.1",37010564,37030523
"NW_022145598.1",37030524,37052590
"NW_022145598.1",37052598,37065548
"NW_022145598.1",37065549,37076463
"NW_022145598.1",37076464,37084179
"NW_022145598.1",37084186,37120817
"NW_022145598.1",37120826,37130622
"NW_022145598.1",37130624,37142623
"NW_022145598.1",37142632,37174706
"NW_022145598.1",37174711,37194923
"NW_022145598.1",37194925,37211520
"NW_022145598.1",37211522,37224797
"NW_022145598.1",37224802,37242713
"NW_022145598.1",37242715,37254944
"NW_022145598.1",37254959,37267601
